0,why are brazilian cities growing so rapidly,2016-04-27 21:47:10,why are brazilian cities ,com,en,google
0,why are brazilian cities growing so rapidly,2016-04-27 21:47:10,why are cities brazilian ,com,en,google
0,why are brazilian cities growing so rapidly,2016-04-27 21:47:10,why brazilian are cities ,com,en,google
0,why are brazilian cities growing so rapidly,2016-04-27 21:47:10,why brazilian cities are ,com,en,google
0,why are brazilian cities growing so rapidly,2016-04-27 21:47:10,why cities are brazilian ,com,en,google
0,why are brazilian cities growing so rapidly,2016-04-27 21:47:11,why cities brazilian are ,com,en,google
0,why are brazilian cities growing so rapidly,2016-04-27 21:47:11,are why brazilian cities ,com,en,google
0,why are brazilian cities growing so rapidly,2016-04-27 21:47:11,are why cities brazilian ,com,en,google
0,why are brazilian cities growing so rapidly,2016-04-27 21:47:11,are brazilian why cities ,com,en,google
0,why are brazilian cities growing so rapidly,2016-04-27 21:47:11,are brazilian cities why ,com,en,google
0,why are brazilian cities growing so rapidly,2016-04-27 21:47:11,are cities brazilian why ,com,en,google
0,brazilian cities,2016-04-27 21:47:11,brazilian why are cities ,com,en,google
1,brazilian cities by population,2016-04-27 21:47:11,brazilian why are cities ,com,en,google
2,brazilian cities hosting world cup,2016-04-27 21:47:11,brazilian why are cities ,com,en,google
3,brazilian cities map,2016-04-27 21:47:11,brazilian why are cities ,com,en,google
4,brazilian cities names,2016-04-27 21:47:11,brazilian why are cities ,com,en,google
5,brazilian cities and towns,2016-04-27 21:47:11,brazilian why are cities ,com,en,google
6,brazilian cities world cup 2014,2016-04-27 21:47:11,brazilian why are cities ,com,en,google
7,brazilian cities to visit,2016-04-27 21:47:11,brazilian why are cities ,com,en,google
8,brazilian cities list,2016-04-27 21:47:11,brazilian why are cities ,com,en,google
9,brazilian cities for world cup,2016-04-27 21:47:11,brazilian why are cities ,com,en,google
10,brazilian cities by size,2016-04-27 21:47:11,brazilian why are cities ,com,en,google
11,brazilian cities by gdp,2016-04-27 21:47:11,brazilian why are cities ,com,en,google
12,brazilian cities alphabetical order,2016-04-27 21:47:11,brazilian why are cities ,com,en,google
13,brazilian cities and states,2016-04-27 21:47:11,brazilian why are cities ,com,en,google
14,brazilian cities near the amazon rainforest,2016-04-27 21:47:11,brazilian why are cities ,com,en,google
15,brazilian cities starting with s,2016-04-27 21:47:11,brazilian why are cities ,com,en,google
16,brazilian cities wiki,2016-04-27 21:47:11,brazilian why are cities ,com,en,google
17,brazilian cities in the amazon,2016-04-27 21:47:11,brazilian why are cities ,com,en,google
18,brazilian cities wikipedia,2016-04-27 21:47:11,brazilian why are cities ,com,en,google
19,brazilian cities gdp per capita,2016-04-27 21:47:11,brazilian why are cities ,com,en,google
0,brazilian cities,2016-04-27 21:47:12,brazilian are why cities ,com,en,google
1,brazilian cities by population,2016-04-27 21:47:12,brazilian are why cities ,com,en,google
2,brazilian cities hosting world cup,2016-04-27 21:47:12,brazilian are why cities ,com,en,google
3,brazilian cities map,2016-04-27 21:47:12,brazilian are why cities ,com,en,google
4,brazilian cities names,2016-04-27 21:47:12,brazilian are why cities ,com,en,google
5,brazilian cities and towns,2016-04-27 21:47:12,brazilian are why cities ,com,en,google
6,brazilian cities world cup 2014,2016-04-27 21:47:12,brazilian are why cities ,com,en,google
7,brazilian cities to visit,2016-04-27 21:47:12,brazilian are why cities ,com,en,google
8,brazilian cities list,2016-04-27 21:47:12,brazilian are why cities ,com,en,google
9,brazilian cities for world cup,2016-04-27 21:47:12,brazilian are why cities ,com,en,google
10,brazilian cities by size,2016-04-27 21:47:12,brazilian are why cities ,com,en,google
11,brazilian cities by gdp,2016-04-27 21:47:12,brazilian are why cities ,com,en,google
12,brazilian cities alphabetical order,2016-04-27 21:47:12,brazilian are why cities ,com,en,google
13,brazilian cities and states,2016-04-27 21:47:12,brazilian are why cities ,com,en,google
14,brazilian cities near the amazon rainforest,2016-04-27 21:47:12,brazilian are why cities ,com,en,google
15,brazilian cities starting with s,2016-04-27 21:47:12,brazilian are why cities ,com,en,google
16,brazilian cities wiki,2016-04-27 21:47:12,brazilian are why cities ,com,en,google
17,brazilian cities in the amazon,2016-04-27 21:47:12,brazilian are why cities ,com,en,google
18,brazilian cities wikipedia,2016-04-27 21:47:12,brazilian are why cities ,com,en,google
19,brazilian cities gdp per capita,2016-04-27 21:47:12,brazilian are why cities ,com,en,google
0,why are brazilian cities growing so rapidly,2016-04-27 21:47:12,brazilian are cities why ,com,en,google
0,why are brazilian cities growing so rapidly,2016-04-27 21:47:12,brazilian cities why are ,com,en,google
0,why are brazilian cities growing so rapidly,2016-04-27 21:47:12,brazilian cities are why ,com,en,google
0,brazilian rosewood cites,2016-04-27 21:47:12,cities why are brazilian ,com,en,google
1,why are brazilian cities growing so rapidly,2016-04-27 21:47:12,cities why are brazilian ,com,en,google
0,why are brazilian cities growing so rapidly,2016-04-27 21:47:12,cities why brazilian are ,com,en,google
0,brazilian rosewood cites,2016-04-27 21:47:12,cities are why brazilian ,com,en,google
1,why are brazilian cities growing so rapidly,2016-04-27 21:47:12,cities are why brazilian ,com,en,google
0,why are brazilian cities growing so rapidly,2016-04-27 21:47:12,cities are brazilian why ,com,en,google
0,why are brazilian cities growing so rapidly,2016-04-27 21:47:12,cities brazilian why are ,com,en,google
